Date,Gross_Bank_Credit,Food_Credit,Non_Food_Credit,Agriculture,Industry,Industry_Micro_Small,Industry_Medium,Industry_Large,Services,Trade,NBFC,Personal_Loans,Housing,Credit_Card_Outstanding,Vehicle_Loans,Gold_Jewellery_Loans
2019-01-18,9332554.55,70948.9,9261605.65,1083490.18,2715406.47,366705.18,103061.49,2245639.8,2197969.03,473408.83,662551.6,2224620.75,1141732.79,83645.81,281694.44,24444.88
2019-02-15,9440365.932,61740.17,9378625.762,1093808.93,2745352.94,366469.12,95665.61,2283218.21,2219139.82,480042.95,707143.7,2246808.8,1153719.34,82798.71,282226.51,24600.01
2019-03-29,9771722.4352,41610.33,9730112.1052,1113066.93,2837528.33,371373.79,100786.17,2365368.37,2340658.53,479994.12,751146.21,2303143.51,1176510.06,87685.62,285257.82,24670.77
2019-04-26,9620945.4915,43161.73,9577783.7615,1106651.26,2817879.12,375467.41,102426.35,2339985.36,2279245.15,488789.7,725245.92,2308478.86,1187097.79,91931.27,285567.84,24577.71
2019-05-24,9621544.9886,65722.59,9555822.3986,1100190.86,2771471.96,356696.46,99345.32,2315430.18,2231603.91,476998.73,705605.83,2321474.46,1192750.18,93038.7,287246.09,25849.01
2019-06-21,9648768.2613,71419.48,9577348.7813,1099263.54,2780229.12,355198.47,99453.24,2325577.41,2232076.45,477763.23,708269.67,2339939.57,1208164.13,94292.74,286279.3,27102.28
2019-07-19,9658377.6835,66001.53,9592376.1535,1107296.32,2761535.02,355607.63,99649.73,2306277.66,2251033.96,484917.07,735161.49,2367432.28,1222853.69,93377.19,287772.52,27214.94
2019-08-30,9680153.4437,62391.61,9617761.8337,1108772.29,2737075.98,363984.51,101254.61,2271836.86,2269022.52,474172.16,770593.19,2387855.12,1236210.9,96972.74,289025.36,27598.38
2019-09-27,9766853.85619,60085.07,9706768.78619,1123070.58,2730943.18,370444.47,101777.96,2258720.75,2321272.93,479134.01,799158.88,2425102.4,1255411.17,98607.5,289152.97,28828.15
2019-10-25,9840562.3137,69778.61,9770783.7037,1174598.15,2892418.98,384347.29,106260.38,2401811.31,2465636.55,504713.98,814566.33,2561501.64,1295242.23,113798.86,322367.84,28926.07
2019-11-22,9860302.64996,91304.09,9768998.55996,1176104.41,2866553.89,387509.92,104484.63,2374559.34,2465378.47,490070.12,836140.62,2578861.85,1302222.9,114898.72,323778.44,29276.84
2019-12-20,10036091.7838,83502.17,9952589.6138,1177788.24,2848416.11,381558.32,106798.42,2360059.37,2482561.96,503873.93,846292.74,2604683.62,1303749.87,115188.48,325253.36,29104.55
2020-01-31,10105176.35551,78899.97,10026276.38551,1196981.8,2869245.82,400441.4,109805.84,2358998.58,2531566.92,523734.13,842900.25,2685467.94,1341242.32,122125.57,336405.85,31862.76
2020-02-28,10104866.31986,65596.37,10039269.94986,1200837.27,2871313.05,402388.94,108217.67,2360706.44,2535867.81,539191.91,820315.42,2706185.59,1350946.76,122774.86,336779.21,31785.93
2020-03-27,10370860.68312,51763.97,10319096.71312,1203175.78,2946851.25,403050.99,108572.77,2435227.49,2672047.27,557115.31,950900.73,2726863.88,1361880.1,119914.21,339518.89,33256.93
2020-04-24,10273415.78664,52643.42,10220772.36664,1207669.39,2928353.27,388943.54,101204.99,2438204.74,2654269.16,561505.93,898191.55,2678182.04,1364704.23,108096.43,334649.13,33374.38
2020-05-22,10222753.1829,79416.24,10143336.9429,1212912.79,2904685.07,380861.81,101911.34,2421911.92,2607610.22,545931.99,892632.63,2642260.17,1353527.62,103697.49,329330.22,33641.82
2020-06-19,10245677.47013,89288.99,10156388.48013,1201420.11,2911362.69,383486.49,96987.34,2430888.86,2617905.38,552196.3,884343.91,2655681.33,1360211.3,108672.19,328959.94,35245.34
2020-07-31,10282056.88798,79287.5,10202769.38798,1215664.3,2868970.47,393157.0,103986.93,2371826.54,2624302.29,586699.25,878010.69,2701387.01,1375160.94,112967.52,334225.34,38631.98
2020-08-28,10216158.03843,65941.47,10150216.56843,1202213.57,2825014.64,391452.37,110041.49,2323520.78,2642567.86,585069.44,872859.58,2706439.9,1373864.26,116875.93,335125.18,41812.14
2020-09-25,10271581.00793,66426.85,10205154.15793,1245397.83,2831679.89,398630.62,124206.77,2308842.5,2653792.91,583252.94,893375.68,2735273.4,1386716.31,118161.34,336497.11,46700.66
2020-10-23,10338867.87781,66659.01,10272208.86781,1263805.16,2803794.83,399732.32,129018.82,2275043.69,2639010.63,593212.85,868992.24,2785396.81,1399589.0,123174.46,343228.41,52865.94
2020-11-20,10434880.34296,88956.29,10345924.05296,1263992.74,2817624.48,403260.29,130235.28,2284128.91,2647805.85,574043.76,863632.09,2819694.01,1411947.07,127682.73,350289.34,57453.23
2020-12-18,10702596.47069,92544.0,10610052.47069,1280650.81,2822924.36,409260.75,129661.83,2284001.78,2659819.98,588756.08,880376.48,2848752.08,1426529.22,123747.93,353785.98,62087.96
2021-01-29,10703751.83006,87109.0,10616642.83006,1312049.26,2945303.78,427692.14,143415.4,2374196.24,2779619.82,620495.7,906094.54,2948660.06,1467467.01,136046.06,362419.16,68164.36
2021-02-26,10774742.46194,75205.98,10699536.48194,1321554.329862,2975110.698656,438368.764486,149296.235025,2387445.699146,2819223.734847,616561.611624,887223.775142,2999455.446228,1487434.408182,136506.752133,366264.157562,71608.375995
2021-03-26,10949509.0,61254.38,10888254.62,1329618.477,2940570.692,433192.2035,145208.7221,2362169.766,2764830.794,628249.3231,948567.5475,3009013.068,1492302.431,131704.252,368412.4502,75048.58529
2021-04-23,10860485.37617,58334.89,10802150.48617,1364750.508887,2962892.489197,442284.175275,160400.757457,2360207.556465,2767556.877014,642050.223018,919601.390372,3076392.835517,1545273.364048,133277.291697,374724.906517,77784.14201
2021-05-21,10831221.47883,90662.91,10740558.56883,1354841.050918,2957537.040007,430289.072784,172643.129563,2354604.837661,2748972.490051,648360.226353,901963.62187,3047424.767225,1542456.012442,123553.971542,368741.725582,77190.600108
2021-06-18,10928555.0,83178.0,10845377.0,1358177.05738,2941899.967421,450802.885874,169905.081807,2321191.99974,2773216.985405,647113.95171,902843.904764,3048391.091725,1552383.060472,122211.251544,365462.684835,75647.929311
2021-07-30,10910566.77961,77477.65,10833089.12961,1379122.775819,2934180.316216,457528.200109,181157.796757,2295494.31935,2770324.280396,648919.034419,903954.938801,3095232.424446,1564149.72708,132366.801385,370247.457975,74359.112506
2021-08-27,10897601.02207,68800.57,10828800.45207,1386370.474211,2922212.794132,461994.482973,183693.046322,2276525.264837,2746800.390193,645102.834595,886891.605223,3124343.552403,1576888.88194,137275.501224,374202.849926,73158.976095
2021-09-24,10956816.87652,62341.83,10894475.04652,1408329.05405,2939098.812651,478791.393655,188654.625256,2271652.79374,2735004.237639,635347.344134,881104.625543,3167881.303371,1600712.412333,137276.731062,376980.365678,73100.76279
2021-10-22,11044619.14259,63697.47,10980921.67259,1429971.569413,2954305.896457,487411.607532,192556.922353,2274337.366572,2766127.863218,660845.580527,900098.812362,3210245.608897,1616878.815803,145373.700898,380059.038571,73361.703612
2021-11-19,11162193.47978,82415.32,11079778.15978,1433044.945266,2977969.866936,493382.819187,197117.694081,2287469.353668,2784866.718235,655857.434472,928482.561237,3250799.497355,1635989.7901,144945.080732,384422.450963,72087.006351
2021-12-31,11582087.1494,88679.84,11493407.3094,1495653.970667,3087299.702852,537956.735099,232403.25743,2316939.710323,2991384.268555,700034.96639,985651.150129,3352795.412686,1685085.57665,148129.610563,390806.143766,76669.250532
2022-01-28,11468976.86226,82389.88,11386586.98226,1464399.54406,3049445.918394,531361.140559,225406.871512,2292677.906323,2962173.530967,706474.248898,994283.391687,3365386.205921,1687058.340397,150015.790393,398000.634227,76009.633813
2022-02-25,11643716.86027,68224.2,11575492.66027,1473690.208646,3102630.144966,548491.713373,233929.297783,2320209.13381,3021320.836743,724801.93582,1000861.74062,3414020.510956,1715070.966644,150711.320221,403971.298024,74022.087284
2022-03-25,11891314.26997,55010.54,11836303.72997,1496483.979915,3181100.127314,560178.418424,238943.98399,2381977.7249,3112540.934025,736454.188354,1033470.142091,3466074.597988,1738472.953673,154536.71,404755.893371,74737.51046
2022-04-22,11956336.16382,42552.09,11913784.07382,1512113.162013,3174821.141956,577249.82124,245048.314306,2352523.00641,3112144.440238,748526.001652,1049894.01911,3533730.79454,1760905.146049,160810.62,415393.831545,75168.646501
2022-05-20,12143120.66975,48627.97,12094492.69975,1516485.196563,3192957.815227,579920.99981,244542.319562,2368494.495855,3133147.127712,756290.016421,1061611.070648,3558319.294845,1765894.852787,161511.8,420301.169491,78195.143488
2022-06-17,12382791.6209,37416.57,12345375.0509,1536406.225867,3209099.555505,584128.884179,246317.606601,2378653.064725,3163810.016416,779071.858011,1064492.957202,3600354.110221,1788100.30967,160908.53,427380.987268,79517.474439
2022-07-29,12369350.00407,32344.5,12337005.50407,1564614.552431,3214589.86047,586443.955237,246534.302749,2381611.602483,3272902.370552,765157.795616,1130651.537317,3685523.721442,1818409.843562,170706.06,439373.326408,81848.661586
2022-08-26,12458657.89222,27760.98,12430896.91222,1575605.247963,3232613.757744,591913.262821,248133.6749,2392566.820023,3261564.539226,775913.569317,1121575.483834,3740498.567951,1835334.041915,175578.44,444945.499288,82739.779494
2022-09-23,12629874.7859,21788.0,12608086.7859,1596619.354297,3276479.335698,602436.119354,253865.940363,2420177.275982,3322403.177017,791447.91905,1145819.471332,3794791.100294,1855855.345207,175239.52,449341.748398,85008.629121
2022-10-21,12883403.90972,25654.6,12857749.30972,1626830.949886,3320589.414298,584867.3175,250520.345423,2485201.751375,3423427.963305,795681.087496,1220565.023184,3861263.64682,1876066.102924,188032.94,460947.105135,87275.556464
2022-11-18,12947813.29946,52239.83,12895573.46946,1632195.361479,3328193.002801,588505.445354,253303.782328,2486383.775119,3417418.511487,782988.337972,1229246.614588,3891366.497556,1896122.977646,182319.54,467706.320818,85742.245088
2022-12-30,13306853.04999,53972.42,13252880.62999,1667712.663534,3326820.431197,611873.750844,266982.14412,2447964.536233,3602865.30819,821437.073887,1321713.698945,4028699.150308,1950266.668821,189912.22089,483945.893797,86093.39071
2023-01-27,13337536.22291,50165.4,13287370.82291,1674443.764695,3321663.127153,612511.393035,265430.873224,2443720.860894,3588748.875741,830437.823445,1300281.310528,4054351.468968,1941903.039982,196838.700789,495873.174447,86133.001742
2023-02-24,13450268.70523,35276.43,13414992.27523,1693434.862192,3321562.664464,621257.267577,264995.328038,2435310.068849,3634039.516467,850233.3422,1320444.700619,4109179.056134,1964769.231516,197069.000687,495148.030589,88556.014738
2023-03-24,13675235.32622,19905.64,13655329.68622,1726409.994968,3366405.867978,633288.828197,268286.252703,2464830.787079,3718804.785337,872339.722525,1342539.490706,4182767.411923,1991163.512502,204708.430584,487596.8978,89370.308816
2023-04-21,13859446.82813,21292.13,13838154.69813,1765617.400244,3404575.319621,634010.528791,273172.718795,2497392.072035,3774659.351434,889104.325972,1356674.302966,4219767.953219,2004953.39524,211151.01048,508192.822263,90649.222566
2023-05-19,14009694.99516,36753.33,13972941.66516,1759074.534628,3386087.659269,637394.902714,271422.702589,2477270.053966,3800499.769526,896233.575178,1351256.925187,4238928.040393,2009749.770068,212409.670385,510800.362391,90036.444793
2023-06-30,14383718.15768,27906.2,14355811.95768,1839318.591577,3447826.418705,659279.250853,280970.538538,2507576.629314,4010839.427052,923021.949233,1434292.505241,4368024.676987,2052838.833298,221370.120287,525518.098201,94871.754523
2023-07-28,14787123.3993,20836.39,14766287.0093,1826030.567544,3380957.393091,644362.64023,270729.208915,2465865.543946,4039481.30185,903949.763487,1356108.334199,4833558.266946,2491006.187917,225950.31,531546.662943,95343.936169
2023-08-25,14917311.5683,19355.39,14897956.1783,1835215.170611,3423735.609556,655556.211979,272434.762206,2495744.635371,4076333.770961,911266.591725,1360081.946014,4876136.326425,2505633.627886,230657.13,536213.650629,99625.503519
2023-09-22,15151314.18824,18865.05,15132449.13824,1862538.031467,3489700.363446,662065.23596,277613.705986,2550021.421499,4166060.290595,937959.939926,1396679.529762,4934424.427025,2527200.965193,230259.437702,544598.684158,97426.131134
2023-10-20,15584525.6,22803.47,15561722.13,1909689.313,3525507.313,687921.0557,282977.1618,2554609.096,4203822.83,959322.6137,1449630.896,5017400.576,2562002.09,240635.4718,537292.6292,89546.9454
2023-11-17,15825455.71,41692.64,15783763.07,1927723.621,3557468.62,694024.1027,285925.2503,2577519.267,4254815.593,942386.253,1464852.38,5074665.024,2591486.485,244668.21,548794.3685,89756.25845
2023-12-29,15961943.97,43138.61,15918805.36,1991030.054,3622549.688,708809.1372,292703.0994,2621037.452,4400726.058,971917.2179,1521523.674,5187944.704,2637783.831,251842.792,563467.7594,91099.26781
2024-01-26,16043591.8,45618.73,15997973.07,2009098.336,3614409.355,717262.4584,294398.3579,2602748.538,4413917.31,984726.1806,1495417.577,5229492.695,2658081.562,258503.2987,560961.5941,91458.09283
2024-02-23,16214134.77,40501.67,16173633.1,2032170.573,3645197.229,721754.0849,301314.8532,2622128.291,4471927.642,1007009.011,1490705.359,5279167.357,2680408.561,258107.3908,565733.3999,92414.98861
2024-03-22,16587041.81,23080.81,16563961.0,2071250.996,3682392.532,733123.3561,306424.854,2642844.322,4547236.766,1024407.716,1523054.469,5346691.221,2718712.395,257016.0607,573390.8229,93301.37171
2024-04-19,16491796.34,18090.1,16473706.24,2115986.04,3686690.042,738532.6278,311741.2873,2636416.127,4559126.289,1020057.99,1540061.358,5361906.989,2741452.307,259641.3306,578496.8982,92832.38308
2024-05-31,16784076.14,40258.89,16743817.25,2139044.754,3736970.239,743388.5714,315803.9561,2677777.712,4632067.68,1052278.148,1547284.409,5472084.54,2786546.695,267978.9205,586821.6068,107544.0513
2024-06-28,16880782.2,33903.61,16846878.59,2159558.976,3762913.993,738665.7981,318820.0455,2705428.149,4656519.557,1057348.116,1547665.691,5501898.998,2798565.201,273044.2303,588567.825,114668.8239
2024-07-26,16814792.06,28190.14,16786601.92,2156319.921,3757762.332,736991.7451,319742.6665,2701027.92,4574125.378,1041866.816,1522107.092,5524310.111,2810105.058,275601.4702,590973.8512,124169.9824
2024-08-23,16945162.14,24360.63,16920801.51,2160633.935,3790000.507,750741.8858,327378.3688,2711880.252,4593071.082,1051325.778,1517539.319,5572191.191,2833162.726,276576.3802,595752.1747,132646.871
2024-09-20,17125052.0,19925.56,17105126.44,2167287.254,3837176.897,757995.6335,337031.1322,2742150.131,4684512.485,1071437.494,1528515.147,5613590.766,2845502.359,271812.7701,602360.9436,139900.7143
2024-10-18,17419531.89,30054.53,17389477.36,2205578.836,3812249.898,757113.409,338366.778,2716769.711,4729328.556,1078650.885,1535998.611,5664805.752,2871841.068,281391.991,601969.7517,147724.3075
2024-11-29,17508956.0,51254.0,17457702.0,2223466.642,3851151.54,764477.7127,343082.5107,2743591.317,4798401.805,1078092.592,1574648.125,5752280.618,2908672.237,288996.7609,605581.1574,159153.1591
2024-12-27,17743037.78,56139.0,17686898.78,2239028.1,3893504.019,778528.551,350738.9384,2764236.53,4905686.409,1107394.72,1621000.533,5812623.515,2931738.852,291086.8408,613296.1868,168128.1751
2025-01-24,17868478.53,56178.86,17812299.67,2253510.285,3913968.873,786045.9773,348614.4941,2779308.402,4956419.413,1127156.364,1617897.768,5849356.319,2950973.723,292083.4806,615234.9964,175086.2358
2025-02-21,18125412.6,42552.27,18082860.33,2264305.12,3916782.663,791321.2469,355603.4874,2769857.929,4995649.455,1154669.199,1610743.744,5898807.503,2978758.788,287047.0606,619796.6095,188051.3073
2025-03-21,18401354.28,29356.71,18371997.57,2287060.099,3985659.551,798472.6608,363245.0192,2823941.871,5093565.108,1184550.227,1635102.162,5971696.13,3010476.605,284366.2605,622793.4497,206284.0245
2025-04-18,18286312.85,62446.15,18223866.7,2309630.693,3943926.906,806396.4689,368211.9458,2769318.492,5021392.429,1161709.77,1609971.838,5999591.977,3008940.901,287172.2849,629690.9241,220953.3407
2025-05-30,18287376.71,70580.71,18216796.0,2298801.702,3933611.948,845173.8336,369215.1427,2719222.972,5020623.073,1161772.977,1562084.08,6080166.112,3037367.44,290677.7808,637883.9262,250263.3007
2025-06-27,18486199.73,64388.73,18421811.0,2305994.987,4001401.411,880692.8913,360979.9443,2759728.575,5067273.378,1169981.832,1595950.113,6145222.393,3067119.907,292601.7227,642866.1093,276288.7327
2025-07-25,18501377.0,56674.0,18444703.0,2313847.0,4002277.0,891275.2932,367586.0,2743416.0,5040440.0,1175646.0,1568384.0,6180072.0,3081152.0,291088.0,643654.0,293568.445
2025-08-22,18644997.25,50455.85,18594541.4,2324721.0,4055965.0,907102.9028,370850.0,2778012.0,5064686.0,1180585.0,1573845.0,6232566.0,3108790.0,288691.0,647828.0,305342.4321
2025-09-19,18902933.6,45284.14,18857649.46,2361595.0,4136178.0,924701.5609,385991.0,2825485.0,5144227.0,1196397.0,1588698.0,6273708.0,3132868.0,281823.0,646242.0,315684.0607
2025-10-31,19390499.71,70371.31,19320128.4,2402610.0,4192700.0,953571.889,398071.0,2841057.0,5345246.0,1227077.0,1703567.0,6455946.0,3187475.0,303073.0,677349.0,337580.0
2025-11-28,19527313.07,79801.03,19447512.04,2417050.0,4219433.0,952302.4812,397098.0,2870032.0,5359639.0,1230778.0,1723493.0,6486418.0,3195341.0,296070.0,680536.0,358645.0
2025-12-31,20322515.47,87972.45,20234543.02,2509200.0,4390876.0,1015019.645,422216.0,2953641.0,5661328.0,1300856.0,1865190.0,6664044.0,3256397.0,293898.0,715647.0,380205.5872
2026-01-31,20475381.96,89295.4,20386086.56,2509789.0,4388308.0,1031291.399,426211.0,2930806.0,5722969.0,1309115.0,1905207.0,6723042.0,3278420.0,296417.0,720567.0,400517.0
2026-02-28,20754077.69,82643.14,20671434.55,2543477.0,4447192.0,1031798.696,430263.0,2985130.0,5807798.0,1320670.0,1947584.0,6796850.0,3305691.0,292067.0,726037.0,428578.0
2026-03-31,21361434.74,70271.35,21291163.39,2644249.776,4584304.347,1059416.6,442584.8735,3082302.874,6061400.066,1376531.195,2069732.0,6939750.451,3355962.521,294460.7795,738677.6837,461373.0
2026-04-30,21211828.31,103915.28,21107913.03,2626040.0,4537732.0,1049053.0,441429.0,3047250.0,5954519.0,1317230.0,2056412.0,6960422.0,3351752.0,298016.0,742870.0,488761.0
2026-05-31,21515965.07,137005.47,21378959.6,2641484.0,4623904.0,1066411.0,447397.0,3110095.0,6045176.0,1362456.0,2088395.0,7015041.0,3369034.0,294535.0,748450.0,514281.0
2026-06-30,21928364.69,132049.25,21796315.44,2693966.813,4771513.0,1083665.407,470265.7955,3217581.91,6153049.812,1387019.586,2110374.0,7113585.513,3403805.521,298280.4008,754369.9923,535544.0
